통로구분,대분류코드,대분류,중분류코드,중분류,소분류코드,소분류,row,column
0,1,청과,101,사과,10101,"사과(10kg,25과,box)",22,10
0,1,청과,101,사과,10102,"사과(상,10kg,box)",22,10
0,1,청과,101,사과,10103,아오리사과(box),22,10
0,1,청과,101,사과,10104,"사과(10kg,30과,box)",22,10
0,1,청과,101,사과,10105,"사과(10kg,35과,box)",22,10
0,1,청과,101,사과,10106,"사과(10kg,40과,box)",22,10
0,1,청과,101,사과,10107,"사과세트(5kg,10과,box)",22,10
0,1,청과,101,사과,10108,"사과세트(5kg,13과,box)",22,10
0,1,청과,101,사과,10109,"사과세트(5kg,16과,box)",22,10
0,1,청과,101,사과,10110,"사과세트(5kg,20과,box)",22,10
0,1,청과,101,사과,10111,컨테이너(c/t),22,10
0,1,청과,102,배,10201,"배(15kg,20과,box)",21,10
0,1,청과,102,배,10202,"배(15kg,30과,box)",21,10
0,1,청과,102,배,10203,"배세트(7.5kg,7과,box)",21,10
0,1,청과,102,배,10204,"배세트(7.5kg,10과,box)",21,10
0,1,청과,102,배,10205,"배세트(7.5kg,12과,box)",21,10
0,1,청과,102,배,10206,"배세트(7.5kg,15과,box)",21,10
0,1,청과,103,참외,10301,"참외(10kg,box)",21,8
0,1,청과,103,참외,10302,"참외(5kg,box)",21,8
0,1,청과,103,참외,10303,"참외(2kg,box)",21,8
1,1,청과,104,수박,10401,"수박(대,8kg이상,통)",19,8
1,1,청과,104,수박,10402,하우스수박(7-8kg),19,8
1,1,청과,104,수박,10403,"수박(중,8kg미만,통)",19,8
1,1,청과,104,수박,10404,수박(소분),19,8
1,1,청과,104,수박,10405,노지수박(통),19,8
1,1,청과,104,수박,10406,흑미수박,19,8
1,1,청과,105,하우스딸기,10501,딸기,17,5
0,1,청과,105,하우스딸기,10502,하우스딸기(2kg),21,9
0,1,청과,105,하우스딸기,10503,"하우스딸기(팩,box)",21,9
1,1,청과,106,포도(국산),10601,켐벨포도,24,10
0,1,청과,106,포도(국산),10602,"포도(상,box)",21,5
1,1,청과,106,포도(국산),10603,머루포도,24,10
1,1,청과,106,포도(국산),10604,거봉,24,10
1,1,청과,106,포도(국산),10605,데라,24,10
1,1,청과,106,포도(국산),10606,청포도,24,10
0,1,청과,107,밀감,10701,"조생밀감(10kg,7,5kg,box)",21,6
0,1,청과,107,밀감,10702,"조생밀감(5kg,box)",21,6
1,1,청과,107,밀감,10703,팬넷귤,19,9
1,1,청과,107,밀감,10704,하우스밀감,19,7
1,1,청과,107,밀감,10705,천혜향,19,6
1,1,청과,107,밀감,10706,청견,19,10
1,1,청과,107,밀감,10707,레드향,19,5
3,1,청과,107,밀감,10708,"한라봉(10kg,box)",25,12
1,1,청과,107,밀감,10709,유자,19,11
1,1,청과,107,밀감,10710,금귤,19,12
3,1,청과,107,밀감,10711,"한라봉(5kg,box)",25,13
3,1,청과,107,밀감,10712,"한라봉(3kg,box)",25,14
1,1,청과,108,토마토,10801,완숙토마토,26,10
1,1,청과,108,토마토,10802,방울토마토,26,10
1,1,청과,108,토마토,10803,흑토마토,26,10
1,1,청과,109,감,10901,단감,17,9
1,1,청과,109,감,10902,대봉,17,9
0,1,청과,109,감,10903,곶감세트,21,4
1,1,청과,109,감,10904,곶감,17,9
1,1,청과,109,감,10905,반시,17,9
1,1,청과,110,키위,11001,참다래(국내산),25,10
1,1,청과,110,키위,11002,골드키위(국내산),25,10
1,1,청과,110,키위,11003,그린키위,25,10
1,1,청과,110,키위,11004,골드키위,25,10
0,1,청과,110,키위,11005,"참다래세트(국,box)",21,5
1,1,청과,110,키위,11006,"골드키위세트(국,소분,팩)",25,10
1,1,청과,110,키위,11007,레드키위(국내산),25,10
1,1,청과,111,메론,11101,머스크메론,17,7
1,1,청과,111,메론,11102,양구메론,17,7
1,1,청과,111,메론,11103,백설메론,17,7
1,1,청과,111,메론,11104,파파야메론,17,7
0,1,청과,111,메론,11105,메론세트,21,4
1,1,청과,112,복숭아,11201,복숭아,25,10
1,1,청과,112,복숭아,11202,천도복숭아(box),25,10
1,1,청과,112,복숭아,11203,"복숭아(3kg,box)",25,10
1,1,청과,113,자두,11301,자두,24,10
1,1,청과,114,기타과일,11401,석류,27,10
1,1,청과,114,기타과일,11402,용과,24,10
2,1,청과,114,기타과일,11403,밤,30,10
1,1,청과,114,기타과일,11404,복분자,23,10
1,1,청과,114,기타과일,11405,오디,23,10
1,1,청과,114,기타과일,11406,모과,27,10
3,1,청과,114,기타과일,11407,옥수수,29,18
2,1,청과,114,기타과일,11408,생대추,30,10
1,1,청과,114,기타과일,11409,무화과,23,10
3,1,청과,114,기타과일,11410,매실,29,16
1,1,청과,114,기타과일,11411,"살구,아로니아",23,10
1,1,청과,114,기타과일,11412,버찌,18,13
1,1,청과,114,기타과일,11413,블루베리,25,10
1,1,청과,114,기타과일,11414,비파,18,13
1,1,청과,114,기타과일,11420,애플망고,24,10
1,1,청과,115,수입과일,11501,바나나,17,11
1,1,청과,115,수입과일,11502,청포도(수입),24,10
1,1,청과,115,수입과일,11503,오렌지,26,10
1,1,청과,115,수입과일,11504,체리,26,10
1,1,청과,115,수입과일,11505,망고,24,10
1,1,청과,115,수입과일,11506,파인애플,23,10
1,1,청과,115,수입과일,11507,석류(수입),27,10
1,1,청과,115,수입과일,11508,레몬,26,10
1,1,청과,115,수입과일,11509,골드키위(수입),25,10
1,1,청과,115,수입과일,11510,그린키위(수입),25,10
1,1,청과,115,수입과일,11511,수입과일 기타,26,10
1,1,청과,115,수입과일,11512,자몽,25,10
0,1,청과,115,수입과일,11513,오렌지세트(box),21,4
1,1,청과,115,수입과일,11514,애플망고(수입),24,10
1,1,청과,115,수입과일,11516,망고스틴,24,10
1,1,청과,115,수입과일,11517,라임,25,10
1,1,청과,115,수입과일,11518,용과,24,10
1,1,청과,115,수입과일,11519,아보카도,25,10
1,1,청과,115,수입과일,11520,블루베리(수입),25,10
0,1,청과,115,수입과일,11521,"석류세트(미국,box)",21,7
1,1,청과,115,수입과일,11522,거봉(수입),24,10
1,1,청과,115,수입과일,11523,크림슨(수입),27,10
1,1,청과,115,수입과일,11524,몽키바나나,17,12
1,1,청과,115,수입과일,11525,돌(가공품),25,10
2,1,청과,116,수수료,11601,기타수수료,29,10
2,1,청과,116,수수료,11602,풀무원수수료,29,10
0,1,청과,117,선물세트,11701,과일바구니,21,3
0,1,청과,117,선물세트,11702,배바구니,21,3
1,1,청과,118,소모품,11801,소모품,19,13
3,2,야채,201,구근류,20101,감자,26,14
3,2,야채,201,구근류,20102,밤고구마,25,17
3,2,야채,201,구근류,20103,호박고구마,25,18
3,2,야채,201,구근류,20105,감자기타,26,14
3,2,야채,202,근채류,20201,당근,27,14
3,2,야채,202,근채류,20202,야콘,25,21
3,2,야채,202,근채류,20203,알토란,25,21
2,2,야채,202,근채류,20204,통연근,31,13
2,2,야채,202,근채류,20205,피우엉,31,13
2,2,야채,202,근채류,20206,마,31,13
3,2,야채,202,근채류,20207,수입당근,27,14
3,2,야채,203,김치류,20301,무우,29,18
3,2,야채,203,김치류,20302,알타리무우,28,19
3,2,야채,203,김치류,20303,배추,27,23
3,2,야채,203,김치류,20304,절임배추,25,23
3,2,야채,203,김치류,20306,봄동,26,19
3,2,야채,203,김치류,20307,얼갈이배추,25,22
3,2,야채,203,김치류,20308,중가리배추,26,23
2,2,야채,203,김치류,20309,열무,27,25
2,2,야채,203,김치류,20311,고들빼기,27,25
3,2,야채,203,김치류,20312,다발무우,29,19
2,2,야채,203,김치류,20313,돌산갓,27,25
3,2,야채,203,김치류,20314,홍갓,27,19
2,2,야채,204,쌈채류,20401,상추(box),31,21
2,2,야채,204,쌈채류,20402,쌈배추,31,21
2,2,야채,204,쌈채류,20403,깻잎,31,21
2,2,야채,204,쌈채류,20404,쌈추,31,21
2,2,야채,204,쌈채류,20405,무우솎음(box),28,25
2,2,야채,204,쌈채류,20406,쌈채류 기타,28,25
2,2,야채,204,쌈채류,20407,청상추,31,22
2,2,야채,204,쌈채류,20408,적상추,31,22
2,2,야채,204,쌈채류,20409,포기상추,31,22
2,2,야채,204,쌈채류,20410,로메인,31,22
2,2,야채,204,쌈채류,20411,청경채,31,23
2,2,야채,204,쌈채류,20412,로즈,31,20
2,2,야채,204,쌈채류,20413,호박잎,31,20
2,2,야채,204,쌈채류,20414,치커리,31,20
2,2,야채,204,쌈채류,20415,당귀,31,20
2,2,야채,204,쌈채류,20416,케일,31,20
2,2,야채,204,쌈채류,20417,모듬채소,31,21
2,2,야채,204,쌈채류,20418,적겨자,31,24
2,2,야채,204,쌈채류,20419,청겨자,31,23
2,2,야채,204,쌈채류,20420,금강초,31,24
2,2,야채,204,쌈채류,20421,소모품(쌈채류),31,22
2,2,야채,205,나물류,20501,시금치,31,19
2,2,야채,205,나물류,20502,미나리,31,20
2,2,야채,205,나물류,20503,머위대,31,23
2,2,야채,205,나물류,20504,수입나물,31,23
6,2,야채,205,나물류,20505,건나물,23,22
6,2,야채,205,나물류,20507,염장나물,23,22
2,2,야채,205,나물류,20508,두릅,31,23
2,2,야채,205,나물류,20509,깨순,30,10
2,2,야채,205,나물류,20510,고구마순,31,24
2,2,야채,205,나물류,20511,달래,31,24
2,2,야채,205,나물류,20512,냉이,31,24
2,2,야채,205,나물류,20513,고추잎,31,24
2,2,야채,205,나물류,20514,부추,30,10
2,2,야채,205,나물류,20515,취나물,30,25
2,2,야채,205,나물류,20516,아욱,30,25
2,2,야채,205,나물류,20517,쑥갓,30,25
2,2,야채,205,나물류,20518,적근대,31,23
2,2,야채,205,나물류,20519,참나물,29,25
2,2,야채,205,나물류,20520,돌나물,29,25
2,2,야채,205,나물류,20521,세발나물,29,25
2,2,야채,205,나물류,20522,유채나물,29,25
2,2,야채,205,나물류,20523,쑥,29,25
2,2,야채,205,나물류,20524,보리순,29,25
2,2,야채,205,나물류,20525,방풍나물,29,25
2,2,야채,205,나물류,20526,머위잎,29,25
2,2,야채,205,나물류,20527,소모품(나물류),29,25
2,2,야채,206,양채류,20601,양상추,29,10
3,2,야채,206,양채류,20602,브로콜리,26,12
2,2,야채,206,양채류,20603,양배추,29,10
2,2,야채,206,양채류,20604,아스파라거스,31,19
3,2,야채,206,양채류,20605,비트,28,12
2,2,야채,206,양채류,20606,샐러리,28,10
2,2,야채,206,양채류,20607,알로에,31,20
3,2,야채,206,양채류,20608,적채,27,12
3,2,야채,206,양채류,20610,콜라비,27,12
2,2,야채,206,양채류,20611,파세리,31,19
3,2,야채,207,과채류,20701,취청오이,28,16
3,2,야채,207,과채류,20702,애호박,27,16
2,2,야채,207,과채류,20703,가지,30,10
2,2,야채,207,과채류,20705,파프리카,29,10
3,2,야채,207,과채류,20706,옥수수,29,17
2,2,야채,207,과채류,20709,노각,30,10
2,2,야채,207,과채류,20710,둥근호박,30,10
2,2,야채,207,과채류,20711,쥬키니 호박,30,10
3,2,야채,207,과채류,20712,단호박,28,21
2,2,야채,207,과채류,20713,늙은호박,30,10
2,2,야채,207,과채류,20714,피망,29,10
2,2,야채,207,과채류,20715,여주,30,10
2,2,야채,207,과채류,20716,다다기오이,30,10
2,2,야채,207,과채류,20717,가시오이,30,10
2,2,야채,207,과채류,20718,소모품(과채류),30,10
2,2,야채,208,고추류,20801,풋고추,31,12
3,2,야채,208,고추류,20802,청양고추,26,16
2,2,야채,208,고추류,20803,꽈리고추,31,12
2,2,야채,208,고추류,20804,홍청양고추,31,11
2,2,야채,208,고추류,20805,오이맛고추 ,31,11
2,2,야채,208,고추류,20806,홍고추,31,11
6,2,야채,208,고추류,20807,건고추,23,22
2,2,야채,208,고추류,20808,소모품(고추류),31,12
2,2,야채,209,버섯류,20901,느타리버섯,31,16
2,2,야채,209,버섯류,20902,양송이버섯,31,17
2,2,야채,209,버섯류,20903,표고버섯,31,17
2,2,야채,209,버섯류,20904,팽이버섯,31,18
2,2,야채,209,버섯류,20905,새송이버섯,31,16
2,2,야채,209,버섯류,20906,만가닥버섯,31,17
6,2,야채,209,버섯류,20907,건버섯,23,22
2,2,야채,209,버섯류,20908,소모품(버섯류),31,17
3,2,야채,210,"향신,양념류",21001,양파(국내산),29,22
3,2,야채,210,"향신,양념류",21002,대파,26,21
2,2,야채,210,"향신,양념류",21003,쪽파,30,10
2,2,야채,210,"향신,양념류",21004,"생강,청각",31,13
2,2,야채,210,"향신,양념류",21005,깐마늘(5kg/국산),31,14
2,2,야채,210,"향신,양념류",21006,깐마늘(1kg/국산),31,14
2,2,야채,210,"향신,양념류",21007,수입깐마늘,31,14
2,2,야채,210,"향신,양념류",21008,"생강,청각",31,13
2,2,야채,210,"향신,양념류",21009,마늘기타,31,14
3,2,야채,210,"향신,양념류",21010,수입대파,26,21
3,2,야채,210,"향신,양념류",21011,양파(4.5kg),28,23
3,2,야채,210,"향신,양념류",21012,양파(2.2kg),29,21
3,2,야채,210,"향신,양념류",21013,수입양파,29,23
2,2,야채,210,"향신,양념류",21014,깐마늘,31,14
2,2,야채,210,"향신,양념류",21015,깐양파,31,15
3,2,야채,211,"기타,특수야채",21101,콩,25,19
2,2,야채,211,"기타,특수야채",21102,기타야채,28,10
2,2,야채,211,"기타,특수야채",21103,특수야채,28,10
2,2,야채,211,"기타,특수야채",21104,삼계재료,28,10
2,2,야채,211,"기타,특수야채",21110,수삼.더덕,28,10
2,2,야채,211,"기타,특수야채",21113,수수료(아중점),28,10
2,2,야채,211,"기타,특수야채",21114,손질야채,28,10
20,2,야채,211,"기타,특수야채",21115,냉동야채,2,31
2,2,야채,211,"기타,특수야채",21116,샐러드(수수료),28,10
24,2,야채,212,선물세트,21201,"수삼,더덕 세트",9,8
24,2,야채,212,선물세트,21202,표고버섯 세트,9,8
24,2,야채,212,선물세트,21203,한과세트,11,7
24,2,야채,212,선물세트,21204,선물세트,11,8
24,2,야채,212,선물세트,21205,수수료,11,8
24,2,야채,212,선물세트,21206,영지세트,9,8
24,2,야채,213,수수료,21301,수수료,9,9
24,2,야채,214,소모품,21401,소모품,11,8
9,3,축산,301,돈육,30101,앞다리살,27,35
9,3,축산,301,돈육,30102,뒷다리살,27,36
9,3,축산,301,돈육,30103,삼겹살,27,33
9,3,축산,301,돈육,30104,목살,27,34
9,3,축산,301,돈육,30105,안심,27,37
9,3,축산,301,돈육,30106,등심,27,37
10,3,축산,301,돈육,30107,특수부위,25,34
9,3,축산,301,돈육,30108,갈비,27,38
10,3,축산,301,돈육,30109,부산물,25,34
10,3,축산,301,돈육,30110,기타비용,23,43
10,3,축산,302,한우,30202,사태,24,29
9,3,축산,302,한우,30203,부산물,27,44
10,3,축산,302,한우,30204,기타비용,24,43
10,3,축산,302,한우,30205,등심,25,30
10,3,축산,302,한우,30206,안심,25,31
10,3,축산,302,한우,30207,앞다리살,25,29
10,3,축산,302,한우,30208,설도,24,29
10,3,축산,302,한우,30209,설깃,23,29
10,3,축산,302,한우,30210,갈비,21,29
10,3,축산,302,한우,30211,목심,22,29
10,3,축산,302,한우,30212,우둔,22,29
10,3,축산,302,한우,30213,양지,23,29
10,3,축산,302,한우,30214,채끝등심,25,30
10,3,축산,302,한우,30215,특수부위,21,29
9,3,축산,303,계육,30301,일반닭,27,30
9,3,축산,303,계육,30302,삼계,27,30
9,3,축산,303,계육,30303,부분육,27,39
9,3,축산,303,계육,30304,오리,27,31
9,3,축산,303,계육,30305,토종닭,27,32
9,3,축산,303,계육,30306,가공품,27,32
9,3,축산,304,양념육,30401,양념돼지,27,28
9,3,축산,304,양념육,30402,양념우육,27,27
9,3,축산,304,양념육,30403,양념계육,27,29
9,3,축산,304,양념육,30404,소모품,27,29
9,3,축산,304,양념육,30405,양념육행사,27,29
10,3,축산,305,수입우육,30501,갈비,22,31
10,3,축산,305,수입우육,30502,앞다리,23,31
10,3,축산,305,수입우육,30503,안심,24,31
10,3,축산,305,수입우육,30504,등심,24,31
10,3,축산,305,수입우육,30505,채끝,23,31
10,3,축산,305,수입우육,30506,목심,22,31
10,3,축산,305,수입우육,30507,우둔,21,31
10,3,축산,305,수입우육,30508,설도,23,33
10,3,축산,305,수입우육,30509,양지,23,33
10,3,축산,305,수입우육,30510,부산물,22,35
10,3,축산,305,수입우육,30511,삼겹,24,33
10,3,축산,305,수입우육,30512,목살,22,33
10,3,축산,305,수입우육,30513,앞다리,23,31
10,3,축산,305,수입우육,30514,갈비,22,31
9,3,축산,305,수입우육,30515,부산물,27,44
10,3,축산,305,수입우육,30516,기타비용,21,33
10,3,축산,306,수입돈육,30601,갈비,23,37
10,3,축산,306,수입돈육,30602,목살,22,37
10,3,축산,306,수입돈육,30603,삼겹,24,37
10,3,축산,306,수입돈육,30604,안심 ,21,37
10,3,축산,306,수입돈육,30605,앞다리,25,37
10,3,축산,306,수입돈육,30606,부산물,22,35
10,3,축산,306,수입돈육,30607,특수부위,22,35
9,3,축산,307,수입닭,30701,닭,27,40
9,3,축산,308,소모품,30801,소모품,27,42
9,3,축산,309,양고기,30901,양갈비,27,41
11,4,계란,401,대란,40101,대란1판,26,45
11,4,계란,401,대란,40102,대란3판,26,45
11,4,계란,401,대란,40103,대란기타,26,45
11,4,계란,401,대란,40104,초란1판,25,45
11,4,계란,402,왕란,40201,왕란1판,24,45
11,4,계란,402,왕란,40202,왕란3판,24,45
11,4,계란,402,왕란,40203,왕란기타,24,45
11,4,계란,403,특란,40301,특란1판,23,45
11,4,계란,403,특란,40302,특란3판,23,45
11,4,계란,403,특란,40303,특란기타,23,45
11,4,계란,403,특란,40304,기타,23,45
11,4,계란,404,메추리알,40401,메추리알,21,45
11,4,계란,405,가공란,40501,반숙란,22,45
11,4,계란,405,가공란,40502,훈제란,22,45
11,4,계란,405,가공란,40503,구운란,22,45
11,4,계란,405,가공란,40504,기타,22,45
21,5,양곡,501,미곡류,50101,국산쌀,4,3
21,5,양곡,501,미곡류,50102,수입쌀,4,3
21,5,양곡,501,미곡류,50103,잡곡기타,4,3
21,5,양곡,501,미곡류,50104,찹쌀,4,3
21,5,양곡,501,미곡류,50105,현미,3,3
21,5,양곡,501,미곡류,50106,흑미,3,3
21,5,양곡,502,잡곡류,50201,보리,3,3
21,5,양곡,502,잡곡류,50202,잡곡기타,3,3
21,5,양곡,502,잡곡류,50203,콩,3,3
11,6,선어,601,가공선어,60101,초밥류,14,45
11,6,선어,601,가공선어,60102,탕류,14,45
11,6,선어,602,갑각류,60201,기타,20,45
11,6,선어,602,갑각류,60202,꽃게,20,45
11,6,선어,602,갑각류,60203,랍스타,20,45
11,6,선어,602,갑각류,60204,새우,20,45
11,6,선어,602,갑각류,60205,킹크랩,20,45
11,6,선어,602,갑각류,60206,활새우,20,45
11,6,선어,603,선어,60301,갈치,19,45
11,6,선어,603,선어,60302,고등어,19,45
11,6,선어,603,선어,60303,기타,19,45
11,6,선어,603,선어,60304,삼치,19,45
11,6,선어,603,선어,60305,오징어,19,45
11,6,선어,604,연체류,60401,기타,18,45
11,6,선어,604,연체류,60402,낙지,18,45
11,6,선어,604,연체류,60403,오징어,18,45
11,6,선어,604,연체류,60404,주꾸미,18,45
11,6,선어,605,패류,60501,기타,17,45
11,6,선어,605,패류,60502,꼬막,17,45
11,6,선어,605,패류,60503,석화,17,45
11,6,선어,605,패류,60504,전복,17,45
11,6,선어,605,패류,60505,조개,17,45
11,6,선어,605,패류,60506,홍합,17,45
11,6,선어,606,해초류,60601,감태,16,45
11,6,선어,606,해초류,60602,기타,16,45
11,6,선어,606,해초류,60603,낙지,16,45
11,6,선어,606,해초류,60604,매생이,16,45
11,6,선어,606,해초류,60605,파래,16,45
11,6,선어,607,활어,60701,광어,15,45
11,6,선어,607,활어,60702,기타,15,45
11,6,선어,607,활어,60703,농어,15,45
11,6,선어,607,활어,60704,돔,15,45
11,6,선어,607,활어,60705,우럭,15,45
11,6,선어,608,회,60801,광어회,13,45
11,6,선어,608,회,60802,기타회,13,45
11,6,선어,608,회,60803,농어회,13,45
11,6,선어,608,회,60804,모듬회,13,45
11,6,선어,608,회,60805,민어회,13,45
11,6,선어,608,회,60806,숭어회,13,45
11,6,선어,608,회,60807,연어회,13,45
11,6,선어,608,회,60808,오징어회,13,45
11,6,선어,608,회,60809,우럭회,13,45
11,6,선어,608,회,60810,전어회,13,45
11,6,선어,608,회,60811,수수료,13,45
26,7,수산건식,701,건어&냉동건어,70101,노가리,21,20
26,7,수산건식,701,건어&냉동건어,70102,오징어,21,20
26,7,수산건식,701,건어&냉동건어,70103,한치,21,20
26,7,수산건식,702,건어포,70201,기타,21,19
26,7,수산건식,702,건어포,70202,북어포,21,19
26,7,수산건식,702,건어포,70203,육포,21,19
26,7,수산건식,702,건어포,70204,쥐포류,21,21
26,7,수산건식,702,건어포,70205,황태포,21,19
26,7,수산건식,702,건어포,70206,명태류,21,19
26,7,수산건식,703,건어채,70301,기타,21,18
26,7,수산건식,703,건어채,70302,북어채,21,18
26,7,수산건식,703,건어채,70303,진미채,21,18
26,7,수산건식,703,건어채,70304,홍진미채,21,18
26,7,수산건식,703,건어채,70305,황태채,21,18
26,7,수산건식,704,멸치,70401,국물멸치,21,15
26,7,수산건식,704,멸치,70402,볶음멸치,21,15
26,7,수산건식,704,멸치,70403,수입멸치,21,16
26,7,수산건식,704,멸치,70404,안주멸치,21,16
26,7,수산건식,705,새우,70501,가공새우,21,17
26,7,수산건식,705,새우,70502,건새우,21,17
26,7,수산건식,706,오징어,70601,가공오징어,21,20
26,7,수산건식,706,오징어,70602,건오징어,21,20
28,7,수산건식,707,김,70701,가루김,15,19
28,7,수산건식,707,김,70702,재래김,15,20
28,7,수산건식,707,김,70703,조미김,15,18
28,7,수산건식,708,미역,70801,가공미역,15,27
28,7,수산건식,708,미역,70802,건미역,15,26
28,7,수산건식,709,다시마,70901,가공다시마,15,25
28,7,수산건식,709,다시마,70902,건다시마,15,24
28,7,수산건식,710,해초,71001,가공해초,15,23
28,7,수산건식,710,해초,71002,건해초,15,22
28,7,수산건식,710,해초,71003,돌자반,15,21
27,7,수산건식,711,견과,71101,건조과일,21,25
27,7,수산건식,711,견과,71102,견과,21,25
27,7,수산건식,711,견과,71103,수수료,21,26
27,7,수산건식,711,견과,71104,호두,21,24
27,7,수산건식,711,견과,71105,아몬드,21,23
27,7,수산건식,711,견과,71106,땅콩,21,22
24,7,수산건식,712,건세트,71201,건과세트,9,7
24,7,수산건식,712,건세트,71202,멸치세트,9,5
24,7,수산건식,712,건세트,71203,오징어세트,9,5
27,7,수산건식,713,건나물류,71301,건나물,21,26
27,7,수산건식,713,건나물류,71302,건약초,21,26
23,8,수산냉동,801,원물수산,80101,가자미,7,27
23,8,수산냉동,801,원물수산,80102,갈치,7,27
23,8,수산냉동,801,원물수산,80103,고등어,7,27
23,8,수산냉동,801,원물수산,80104,굴비,7,27
23,8,수산냉동,801,원물수산,80105,기타,7,26
23,8,수산냉동,801,원물수산,80106,꽁치,7,26
23,8,수산냉동,801,원물수산,80107,동태,7,26
23,8,수산냉동,801,원물수산,80108,오징어,7,26
23,8,수산냉동,801,원물수산,80109,조기,7,25
23,8,수산냉동,801,원물수산,80110,코다리,7,25
23,8,수산냉동,801,원물수산,80111,연어,7,25
23,8,수산냉동,802,절단수산,80201,갈치,7,24
23,8,수산냉동,802,절단수산,80202,고등어,7,24
23,8,수산냉동,802,절단수산,80203,기타,7,24
23,8,수산냉동,802,절단수산,80204,동태,7,24
23,8,수산냉동,802,절단수산,80205,삼치,7,24
23,8,수산냉동,802,절단수산,80206,코다리,7,23
23,8,수산냉동,802,절단수산,80207,홍어,7,23
23,8,수산냉동,802,절단수산,80208,참치,7,23
23,8,수산냉동,802,절단수산,80209,동태,7,23
23,8,수산냉동,803,연체류,80301,가공오징어,7,22
23,8,수산냉동,803,연체류,80302,기타,7,22
23,8,수산냉동,803,연체류,80303,낙지,7,22
23,8,수산냉동,803,연체류,80304,문어,7,22
23,8,수산냉동,803,연체류,80305,주꾸미,7,22
23,8,수산냉동,804,어패류,80401,기타,7,21
23,8,수산냉동,804,어패류,80402,바지락,7,21
23,8,수산냉동,804,어패류,80403,홍합,7,21
23,8,수산냉동,805,갑각류,80501,기타,7,20
23,8,수산냉동,805,갑각류,80502,랍스타,7,20
23,8,수산냉동,805,갑각류,80503,스노우크랩,7,20
23,8,수산냉동,805,갑각류,80504,원물꽃게,7,20
23,8,수산냉동,805,갑각류,80505,절단꽃게,7,19
23,8,수산냉동,806,새우류,80601,가공새우,7,19
23,8,수산냉동,806,새우류,80602,원물새우,7,19
23,8,수산냉동,807,수산내장,80701,곤,7,18
23,8,수산냉동,807,수산내장,80702,기타,7,18
23,8,수산냉동,807,수산내장,80703,알,7,18
23,8,수산냉동,808,굴비,80801,부세,7,17
23,8,수산냉동,808,굴비,80802,역거리,7,17
23,8,수산냉동,808,굴비,80803,침조기,7,17
23,8,수산냉동,809,가공수산,80901,기타,7,16
23,8,수산냉동,809,가공수산,80902,연어,7,16
23,8,수산냉동,809,가공수산,80903,초밥용,7,16
23,8,수산냉동,809,가공수산,80904,날치알,7,16
23,8,수산냉동,810,수산세트,81001,고등어,7,15
23,8,수산냉동,810,수산세트,81002,굴비세트,7,15
23,8,수산냉동,810,수산세트,81003,역거리굴비,7,15
23,8,수산냉동,810,수산세트,81004,오가굴비,7,15
8,9,일배,901,김치,90101,국산김치,25,27
8,9,일배,901,김치,90102,수입김치,24,27
7,9,일배,902,농산가공,90201,단무지,25,25
6,9,일배,902,농산가공,90202,양념류,23,21
7,9,일배,902,농산가공,90203,절임류,24,25
6,9,일배,902,농산가공,90204,건야채,23,22
4,9,일배,903,콩나물,90301,박스숙주나물,23,18
4,9,일배,903,콩나물,90302,박스콩나물,23,16
4,9,일배,903,콩나물,90303,숙주나물,23,17
4,9,일배,903,콩나물,90304,콩나물,23,15
5,9,일배,904,두부류,90401,곤약,23,19
5,9,일배,904,두부류,90402,두부,23,19
5,9,일배,904,두부류,90403,판두부,23,20
16,9,일배,905,떡류,90501,기타,0,48
16,9,일배,905,떡류,90502,떡국떡,0,48
16,9,일배,905,떡류,90503,떡볶이떡,0,48
16,9,일배,905,떡류,90504,만두피,0,48
16,9,일배,905,떡류,90505,수제비,0,48
16,9,일배,906,면류,90601,기타,0,47
16,9,일배,906,면류,90602,냉면,0,47
16,9,일배,906,면류,90603,생면,0,47
16,9,일배,906,면류,90604,쫄면,0,47
16,9,일배,907,수산가공,90701,맛살,0,40
16,9,일배,907,수산가공,90702,어묵,0,38
16,9,일배,907,수산가공,90703,유부,0,42
6,9,일배,907,수산가공,90704,젓갈류,23,23
16,9,일배,907,수산가공,90705,천사채,0,45
16,9,일배,907,수산가공,90706,해파리,0,45
16,9,일배,907,수산가공,90707,기타,0,45
6,9,일배,908,축육가공,90801,깐메추리알,23,24
16,9,일배,908,축육가공,90802,베이컨,0,32
16,9,일배,908,축육가공,90803,소시지,0,36
16,9,일배,908,축육가공,90804,햄,0,34
9,9,일배,908,축육가공,90805,훈제류,27,26
10,9,일배,908,축육가공,90806,부산물,23,35
16,9,일배,909,수수료,90901,반찬수수료,0,46
16,9,일배,909,수수료,90902,일반수수료,0,46
17,9,일배,910,소스류,91001,드레싱,2,34
16,9,일배,911,조리식품,91101,밀키트,0,44
22,10,냉동식품,1001,가스류,100101,돈가스,7,9
23,10,냉동식품,1001,가스류,100102,새우가스,4,16
22,10,냉동식품,1001,가스류,100103,생선가스,7,12
22,10,냉동식품,1001,가스류,100104,치킨가스,7,5
22,10,냉동식품,1002,간편조리,100201,고로케류,7,7
23,10,냉동식품,1002,간편조리,100202,꼬지류,4,17
22,10,냉동식품,1002,간편조리,100203,냉동밥,4,12
20,10,냉동식품,1002,간편조리,100204,동그랑땡,2,18
20,10,냉동식품,1002,간편조리,100205,산적류,2,20
20,10,냉동식품,1002,간편조리,100206,튀김류,2,16
20,10,냉동식품,1003,냉동빵,100301,빵가루,2,6
20,10,냉동식품,1003,냉동빵,100302,빵류,2,14
20,10,냉동식품,1004,농산냉동,100401,냉동과일,2,28
20,10,냉동식품,1004,농산냉동,100402,냉동야채,2,31
20,10,냉동식품,1004,농산냉동,100403,서류가공,2,29
20,10,냉동식품,1005,떡류,100501,냉동떡류,2,8
20,10,냉동식품,1006,만두류,100601,딤섬춘권,2,12
20,10,냉동식품,1006,만두류,100602,또띠아,2,10
20,10,냉동식품,1006,만두류,100603,만두,2,10
20,10,냉동식품,1007,면류,100701,기타,2,24
20,10,냉동식품,1007,면류,100702,냉면쫄면,2,26
20,10,냉동식품,1007,면류,100703,우동면,2,25
20,10,냉동식품,1007,면류,100704,중화면,2,24
23,10,냉동식품,1008,수산가공,100801,맛살,4,19
23,10,냉동식품,1008,수산가공,100802,어묵,4,18
23,10,냉동식품,1008,수산가공,100803,유부,4,20
23,10,냉동식품,1008,수산가공,100804,수산,7,25
20,10,냉동식품,1009,양념육,100901,계육양념육,2,22
23,10,냉동식품,1009,양념육,100902,돈육양념육,4,24
23,10,냉동식품,1009,양념육,100903,부산물양념육,4,25
23,10,냉동식품,1009,양념육,100904,우육양념육,4,26
23,10,냉동식품,1010,축산가공,101001,소시지,4,22
23,10,냉동식품,1010,축산가공,101002,햄,4,21
23,10,냉동식품,1010,축산가공,101003,훈제류,4,23
22,10,냉동식품,1011,즉석식품,101101,냉동밥,4,12
20,10,냉동식품,1011,즉석식품,101102,냉동육수,2,27
22,10,냉동식품,1011,즉석식품,101103,냉동죽,4,8
22,10,냉동식품,1011,즉석식품,101104,냉동탕,4,6
23,10,냉동식품,1011,즉석식품,101105,밀키트,4,27
25,10,냉동식품,1012,아이스크림,101201,기타,15,7
25,10,냉동식품,1012,아이스크림,101202,대용량,13,11
25,10,냉동식품,1012,아이스크림,101203,바,13,7
25,10,냉동식품,1012,아이스크림,101204,콘,15,11
25,10,냉동식품,1012,아이스크림,101205,홈,15,9
25,10,냉동식품,1013,얼음,101301,보냉얼음,14,13
25,10,냉동식품,1013,얼음,101302,식용얼음,13,13
20,11,베이커리,1101,냉동베이커리,110101,고로케류,2,6
20,11,베이커리,1101,냉동베이커리,110102,냉동빵,2,4
20,11,베이커리,1101,냉동베이커리,110103,조각케익,2,4
25,11,베이커리,1102,상온베이커리,110201,일반빵,13,8
25,11,베이커리,1102,상온베이커리,110202,호빵,13,10
25,11,베이커리,1103,베이커리,110301,수수료,13,9
18,12,유제품,1201,버터류,120101,마아가린,2,37
18,12,유제품,1201,버터류,120102,버터류,2,37
18,12,유제품,1202,"버터,치즈류",120201,수수료,2,37
19,12,유제품,1203,치즈류,120301,수입치즈,2,41
18,12,유제품,1203,치즈류,120302,일반치즈,2,38
18,12,유제품,1203,치즈류,120303,피자치즈,2,38
29,12,유제품,1204,유음료,120401,두유,9,30
18,12,유제품,1204,유음료,120402,우유,4,36
18,12,유제품,1204,유음료,120403,유산균,4,39
18,12,유제품,1204,유음료,120404,유음료,4,36
29,12,유제품,1205,분유,120501,유아분유,10,41
17,13,음료,1301,과일음료,130101,과즙대규격,6,33
17,13,음료,1301,과일음료,130102,과즙소규격,7,34
17,13,음료,1301,과일음료,130103,과즙중규격,7,33
17,13,음료,1302,탄산음료,130201,탄산대규격,4,33
17,13,음료,1302,탄산음료,130202,탄산소규격,2,33
17,13,음료,1302,탄산음료,130203,탄산중규격,3,33
17,13,음료,1303,스포츠음료,130301,스포츠음료대,4,34
17,13,음료,1303,스포츠음료,130302,스포츠음료소,5,34
17,13,음료,1303,스포츠음료,130303,스포츠음료중,4,34
17,13,음료,1304,아동음료,130401,아동음료,5,33
29,13,음료,1305,음료기획,130501,음료기획대규격,9,37
29,13,음료,1305,음료기획,130502,음료기획소규격,9,36
29,13,음료,1305,음료기획,130503,음료기획중규격,9,35
29,13,음료,1305,음료기획,130504,음료세트,9,32
29,13,음료,1306,음료박스,130601,음료박스,9,33
17,13,음료,1307,생수,130701,생수,3,34
29,13,음료,1307,생수,130702,생수묶음,9,41
17,13,음료,1308,차류,130801,건강음료,6,34
17,13,음료,1308,차류,130802,비타민,6,34
17,13,음료,1308,차류,130803,전통차,6,34
17,13,음료,1308,차류,130804,커피,6,34
29,13,음료,1309,홍삼세트,130901,홍삼세트,9,31
28,14,커피/차류,1401,대용차,140101,곡물차,9,18
28,14,커피/차류,1401,대용차,140102,녹차,9,18
28,14,커피/차류,1401,대용차,140103,허브차,9,18
28,14,커피/차류,1401,대용차,140104,홍차,9,18
28,14,커피/차류,1402,계절차류,140201,분말류,9,17
28,14,커피/차류,1402,계절차류,140202,액상차,9,17
28,14,커피/차류,1402,계절차류,140203,전통차,9,17
28,14,커피/차류,1403,꿀,140301,꿀,9,19
28,14,커피/차류,1403,꿀,140302,잡화청,9,19
28,14,커피/차류,1404,잼류,140401,딸기잼,9,16
28,14,커피/차류,1404,잼류,140402,마멀레이드/기타,9,15
28,14,커피/차류,1404,잼류,140403,사과잼,9,16
28,14,커피/차류,1404,잼류,140404,포도잼,9,16
24,14,커피/차류,1405,선물세트,140501,꿀선물세트,11,11
24,14,커피/차류,1405,선물세트,140502,꿀수수료,11,11
24,14,커피/차류,1405,선물세트,140503,차류수수료,11,12
24,14,커피/차류,1405,선물세트,140504,차세트,11,12
24,14,커피/차류,1405,선물세트,140505,커피세트,11,13
24,14,커피/차류,1405,선물세트,140506,홍삼세트,10,13
28,14,커피/차류,1406,음료.차류,140601,음료분말,9,23
28,14,커피/차류,1406,음료.차류,140602,음료원액,9,24
28,14,커피/차류,1407,커피,140701,레귤러커피,9,26
28,14,커피/차류,1407,커피,140702,믹스커피,9,27
28,14,커피/차류,1407,커피,140703,원두커피,9,25
28,14,커피/차류,1408,파우더/시럽,140801,분유류,9,22
19,14,커피/차류,1408,파우더/시럽,140802,생크림,2,42
28,14,커피/차류,1408,파우더/시럽,140803,소스류,9,22
28,14,커피/차류,1408,파우더/시럽,140804,스무디류,9,22
28,14,커피/차류,1408,파우더/시럽,140805,시럽류,9,15
28,14,커피/차류,1408,파우더/시럽,140806,파우더류,9,21
28,14,커피/차류,1408,파우더/시럽,140807,펌프,9,20
28,14,커피/차류,1408,파우더/시럽,140808,페이스트,9,20
28,14,커피/차류,1408,파우더/시럽,140809,프림/커피크림,9,27
19,15,주류,1501,맥주,150101,맥주,4,41
29,15,주류,1501,맥주,150102,"맥주박스,기획",9,39
19,15,주류,1501,맥주,150103,수입맥주,7,42
19,15,주류,1501,맥주,150104,혼합맥주,6,41
29,15,주류,1502,소주,150201,"담금주,PET",9,40
19,15,주류,1502,소주,150202,소주,6,43
29,15,주류,1502,소주,150203,"소주박스,기획",9,38
19,15,주류,1502,소주,150204,혼합소주,5,43
12,15,주류,1503,"양주,와인",150301,리큐르,11,46
12,15,주류,1503,"양주,와인",150302,샴페인,11,48
12,15,주류,1503,"양주,와인",150303,양주,11,46
12,15,주류,1503,"양주,와인",150304,와인,11,45
19,15,주류,1504,"전통주,청주",150401,과실주,2,43
19,15,주류,1504,"전통주,청주",150402,막걸리,4,43
19,15,주류,1504,"전통주,청주",150403,사케,3,43
24,15,주류,1504,"전통주,청주",150404,전통주세트,9,13
12,15,주류,1504,"전통주,청주",150405,청주,11,47
29,17,조미료,1701,감미료,170101,물엿,18,37
29,17,조미료,1701,감미료,170102,설탕,18,35
29,17,조미료,1701,감미료,170103,소금,18,33
29,17,조미료,1701,감미료,170104,올리고당류,18,38
29,17,조미료,1702,고추가공,170201,건고추,19,31
29,17,조미료,1702,고추가공,170202,고추가루,19,30
29,17,조미료,1702,고추가공,170203,고추씨,19,30
29,17,조미료,1703,곡물가공,170301,곡물가공기타,16,40
29,17,조미료,1703,곡물가공,170302,들깨,16,36
29,17,조미료,1703,곡물가공,170303,들깨가루,16,37
29,17,조미료,1703,곡물가공,170304,쌀가루,16,38
29,17,조미료,1703,곡물가공,170305,참깨,16,39
29,17,조미료,1703,곡물가공,170306,찹쌀가루,16,35
29,17,조미료,1704,혼합조미료,170401,다시다,18,31
29,17,조미료,1704,혼합조미료,170402,미원류,18,32
29,17,조미료,1704,혼합조미료,170403,액상다시다,18,30
29,17,조미료,1705,액상조미료,170501,맛술,18,39
29,17,조미료,1705,액상조미료,170502,식초,18,40
29,17,조미료,1705,액상조미료,170503,액젓,18,34
29,17,조미료,1706,향신료,170601,겨자,19,39
29,17,조미료,1706,향신료,170602,기타,19,40
29,17,조미료,1706,향신료,170603,와사비,19,39
29,17,조미료,1706,향신료,170604,후추,19,39
12,17,조미료,1707,장류,170701,간장,2,45
12,17,조미료,1707,장류,170702,고추장,9,48
12,17,조미료,1707,장류,170703,된장,3,48
12,17,조미료,1707,장류,170704,쌈장,5,48
12,17,조미료,1707,장류,170705,초고추장,7,48
28,17,조미료,1707,장류,170706,춘장,19,19
12,17,조미료,1708,유지류,170801,고추기름,3,45
12,17,조미료,1708,유지류,170802,기타유,6,45
12,17,조미료,1708,유지류,170803,올리브유,9,45
12,17,조미료,1708,유지류,170804,참기름,4,45
12,17,조미료,1708,유지류,170805,콩식용유,7,45
12,17,조미료,1708,유지류,170806,포도씨유,8,45
12,17,조미료,1708,유지류,170807,향미유,5,45
29,17,조미료,1709,드레싱,170901,기타드레싱,19,36
29,17,조미료,1709,드레싱,170902,마요네즈,19,37
29,17,조미료,1709,드레싱,170903,케찹,19,38
28,17,조미료,1710,양식재료,171001,분말조미,19,25
28,17,조미료,1710,양식재료,171002,스톡/엑기스,19,26
28,17,조미료,1710,양식재료,171003,"토마토홀,퓨레",19,27
28,17,조미료,1710,양식재료,171004,파스타소스,19,24
28,17,조미료,1710,양식재료,171005,양식소스,19,24
28,17,조미료,1711,동남아재료,171101,소스기타,19,22
28,17,조미료,1711,동남아재료,171102,월남쌈소스,19,23
29,17,조미료,1712,한식재료,171201,고기양념,19,32
29,17,조미료,1712,한식재료,171202,분말조미,19,35
29,17,조미료,1712,한식재료,171203,한분식양념,19,33
29,17,조미료,1712,한식재료,171204,육수/엑기스,19,34
28,17,조미료,1713,중식재료,171301,굴소스,19,21
28,17,조미료,1713,중식재료,171302,중화소스,19,20
28,17,조미료,1713,중식재료,171303,짜장분말,19,18
28,17,조미료,1713,중식재료,171304,파우더류,19,18
28,17,조미료,1713,중식재료,171305,기타중식,19,18
28,17,조미료,1714,일식재료,171401,가쓰오부시,19,17
28,17,조미료,1714,일식재료,171402,"분말,조미",19,15
28,17,조미료,1714,일식재료,171403,육수/엑기스,19,17
28,17,조미료,1714,일식재료,171404,카레류,19,16
28,17,조미료,1714,일식재료,171405,파우더류,19,15
28,17,조미료,1714,일식재료,171406,후리가께,19,16
24,17,조미료,1715,선물세트,171501,수수료,9,12
24,17,조미료,1715,선물세트,171502,유지세트,9,12
28,18,조리가공,1801,분말가공,180101,기타첨가물,16,27
29,18,조리가공,1801,분말가공,180102,밀가루,16,33
29,18,조리가공,1801,분말가공,180103,부침가루,16,32
29,18,조리가공,1801,분말가공,180104,전분,16,34
29,18,조리가공,1801,분말가공,180105,제빵믹스,16,30
29,18,조리가공,1801,분말가공,180106,튀김가루,16,31
28,18,조리가공,1802,대용식,180201,3분류,16,25
28,18,조리가공,1802,대용식,180202,스프,18,23
28,18,조리가공,1802,대용식,180203,즉석국,18,26
28,18,조리가공,1802,대용식,180204,즉석밥,18,25
28,18,조리가공,1802,대용식,180205,즉석죽,18,24
28,18,조리가공,1803,농산통조림,180301,과일류,18,16
28,18,조리가공,1803,농산통조림,180302,반찬류,18,16
28,18,조리가공,1803,농산통조림,180303,채소류,18,15
28,18,조리가공,1804,수산통조림,180401,고등어,18,18
28,18,조리가공,1804,수산통조림,180402,골뱅이,18,17
28,18,조리가공,1804,수산통조림,180403,꽁치,18,18
28,18,조리가공,1804,수산통조림,180404,번데기,18,19
28,18,조리가공,1804,수산통조림,180405,연어,18,20
28,18,조리가공,1804,수산통조림,180406,참치,18,20
28,18,조리가공,1805,축산통조림,180501,기타캔,18,21
28,18,조리가공,1805,축산통조림,180502,햄통조림,18,21
24,18,조리가공,1806,선물세트,180601,통조림外,9,11
28,19,면,1901,국수,190101,기타국수,16,16
28,19,면,1901,국수,190102,"소면,중면",16,17
28,19,면,1902,당면,190201,당면,16,15
28,19,면,1903,베트남,190301,쌀국수,16,18
28,19,면,1903,베트남,190302,월남쌈,16,19
28,19,면,1904,파스타,190401,마카로니,16,20
28,19,면,1904,파스타,190402,스파게티,16,21
28,19,면,1905,라면,190501,비빔류,13,25
28,19,면,1905,라면,190502,일반류,13,23
28,19,면,1905,라면,190503,일반박스,13,21
28,19,면,1905,라면,190504,소컵,15,16
28,19,면,1905,라면,190505,용기박스,15,17
28,19,면,1905,라면,190506,큰컵,15,15
28,20,과자,2001,스낵류,200101,스낵,12,23
28,20,과자,2001,스낵류,200102,스낵묶음,12,21
28,20,과자,2002,비스켓류,200201,비스켓,10,17
28,20,과자,2002,비스켓류,200202,비스켓묶음,10,19
28,20,과자,2003,수입과자,200301,수입과자,10,25
28,20,과자,2004,옛날과자,200401,옛날과자,13,19
28,20,과자,2005,씨리얼,200501,씨리얼,13,27
28,20,과자,2006,"캔디,껌,초콜릿",200601,껌,10,23
28,20,과자,2006,"캔디,껌,초콜릿",200602,초콜릿,10,21
28,20,과자,2006,"캔디,껌,초콜릿",200603,캔디,12,25
28,20,과자,2007,파이류,200701,파이,12,19
18,20,과자,2008,디저트,200801,푸딩,7,37
28,20,과자,2009,빙수재료,200901,빙수떡,12,17
28,20,과자,2009,빙수재료,200902,빙수시럽,12,18
28,20,과자,2009,빙수재료,200903,빙수제리,12,15
28,20,과자,2009,빙수재료,200904,빙수팥,12,16
29,21,H&BC,2101,구강,210101,가글,10,37
29,21,H&BC,2101,구강,210102,"치솔,치실",10,36
29,21,H&BC,2101,구강,210103,치약,10,37
29,21,H&BC,2102,헤어케어,210201,린스,10,35
29,21,H&BC,2102,헤어케어,210202,샴푸,10,35
29,21,H&BC,2102,헤어케어,210203,염색약,10,33
29,21,H&BC,2102,헤어케어,210204,"젤,스프레이",10,33
29,21,H&BC,2102,헤어케어,210205,트리트먼트,10,35
29,21,H&BC,2103,바디케어,210301,면도용품,10,34
29,21,H&BC,2103,바디케어,210302,"바디워시,로션",10,34
29,21,H&BC,2103,바디케어,210303,화장비누,10,38
29,21,H&BC,2103,바디케어,210304,"화장품,햇빛차단제",10,38
29,21,H&BC,2104,유아용품,210401,수수료,10,39
29,21,H&BC,2104,유아용품,210402,유아용품,10,39
24,21,H&BC,2105,선물세트,210501,선물세트,9,6
29,22,세제,2201,세탁세제,220101,가루세제,12,32
29,22,세제,2201,세탁세제,220102,마감세제,12,33
29,22,세제,2201,세탁세제,220103,세탁비누,12,36
29,22,세제,2201,세탁세제,220104,액체세제,12,30
29,22,세제,2201,세탁세제,220105,표백제,12,31
14,22,세제,2202,주거세제,220201,대용량락스,1,53
29,22,세제,2202,주거세제,220202,락스,12,34
14,22,세제,2202,주거세제,220203,청소제,3,53
14,22,세제,2203,주방세제,220301,대용량주방세제,2,53
29,22,세제,2203,주방세제,220302,주방세제리필,12,37
29,22,세제,2203,주방세제,220303,주방세제용기,12,38
29,22,세제,2204,"방향,방취제",220401,"방충,살충제",10,31
29,22,세제,2204,"방향,방취제",220402,방향제,10,30
29,22,세제,2204,"방향,방취제",220403,"살균,탈취제",10,32
29,22,세제,2204,"방향,방취제",220404,제습제,10,30
14,23,제지류,2301,가정지,230101,두루마리화장지,10,53
15,23,제지류,2301,가정지,230102,점보롤,0,51
13,23,제지류,2301,가정지,230103,"키친타올,행주",9,51
13,23,제지류,2302,티슈,230201,각티슈,11,51
15,23,제지류,2302,티슈,230202,냅킨,0,50
29,23,제지류,2302,티슈,230203,물티슈,10,38
14,23,제지류,2302,티슈,230204,업소용물티슈,4,53
29,23,제지류,2303,위생용품,230301,기저귀,10,39
29,23,제지류,2303,위생용품,230302,생리대,10,40
29,24,주방잡화,2401,용기류,240101,그릇,13,39
29,24,주방잡화,2401,용기류,240102,물병,13,33
29,24,주방잡화,2401,용기류,240103,밀폐용기,12,39
29,24,주방잡화,2401,용기류,240104,양념용기,15,33
29,24,주방잡화,2401,용기류,240105,용기소품,15,34
29,24,주방잡화,2401,용기류,240106,컵,15,35
29,24,주방잡화,2402,조리용품,240201,가스렌지,13,30
29,24,주방잡화,2402,조리용품,240202,"솥,냄비",15,40
29,24,주방잡화,2402,조리용품,240203,조리도구,15,31
29,24,주방잡화,2402,조리용품,240204,주방소품,15,39
29,24,주방잡화,2402,조리용품,240205,"주전자,포트",15,38
29,24,주방잡화,2402,조리용품,240206,"후라이팬,불판",15,37
13,24,주방잡화,2403,일회용품,240301,"랩,호일",3,50
13,24,주방잡화,2403,일회용품,240302,봉투류,5,51
15,24,주방잡화,2403,일회용품,240303,부탄가스,0,52
13,24,주방잡화,2403,일회용품,240304,"수세미,행주",7,50
29,24,주방잡화,2403,일회용품,240305,"숯,그릴",12,41
13,24,주방잡화,2403,일회용품,240306,"위생백,장갑",9,50
14,24,주방잡화,2403,일회용품,240307,일회용소품,5,53
13,24,주방잡화,2403,일회용품,240308,일회용식기,3,51
15,24,주방잡화,2403,일회용품,240309,종이컵,0,49
24,25,생활잡화,2501,청소용품,250101,관급봉투,11,5
24,25,생활잡화,2501,청소용품,250102,음식물스티커,11,5
13,25,생활잡화,2501,청소용품,250103,청소용품,8,50
13,25,생활잡화,2502,욕실용품,250201,변기커버류,8,50
13,25,생활잡화,2502,욕실용품,250202,욕실소품,6,50
13,25,생활잡화,2502,욕실용품,250203,"욕실화,거실화",6,50
13,25,생활잡화,2502,욕실용품,250204,"타올,매트류",7,50
13,25,생활잡화,2503,세탁용품,250301,건조용품,10,50
13,25,생활잡화,2503,세탁용품,250302,세탁용품,10,50
13,25,생활잡화,2504,DIY용품,250401,DIY소품,10,50
13,25,생활잡화,2504,DIY용품,250402,공구,8,51
13,25,생활잡화,2504,DIY용품,250403,문풍지,8,51
13,25,생활잡화,2504,DIY용품,250404,의류행거,8,51
13,25,생활잡화,2504,DIY용품,250405,접착제,5,50
13,25,생활잡화,2504,DIY용품,250406,테이프,5,50
21,25,생활잡화,2505,전기용품,250501,건전지,5,3
21,25,생활잡화,2505,전기용품,250502,수수료,5,3
13,25,생활잡화,2505,전기용품,250503,전기소품,7,51
13,25,생활잡화,2505,전기용품,250504,형광등,7,51
13,25,생활잡화,2506,가전,250601,가전,4,50
13,25,생활잡화,2506,가전,250602,계절가전,4,50
13,25,생활잡화,2507,자동차용품,250701,자동차용품,4,50
13,25,생활잡화,2508,레저용품,250801,놀이용품,4,50
13,25,생활잡화,2508,레저용품,250802,돗자리,4,50
13,25,생활잡화,2509,잡화,250901,"문구,팬시",6,51
13,25,생활잡화,2509,잡화,250902,수수료,6,51
13,25,생활잡화,2509,잡화,250903,잡화소품,6,51
15,25,생활잡화,2510,의료용품,251001,의료용품,0,50
14,25,생활잡화,2511,애견용품,251101,애견용품,7,53
14,25,생활잡화,2513,소모품,251301,소모품,8,53
30,26,계산대,0,계산대,0,POS1,17,1
30,26,계산대,0,계산대,0,POS1,17,2
30,26,계산대,0,계산대,0,POS2,15,1
30,26,계산대,0,계산대,0,POS2,15,2
30,26,계산대,0,계산대,0,POS3,13,1
30,26,계산대,0,계산대,0,POS3,13,2
30,26,계산대,0,계산대,0,POS4,11,1
30,26,계산대,0,계산대,0,POS4,11,2
30,26,계산대,0,계산대,0,POS5,9,1
30,26,계산대,0,계산대,0,POS5,9,2
30,26,계산대,0,계산대,0,POS6,7,1
30,26,계산대,0,계산대,0,POS6,7,2
31,27,종료지점,0,종료지점,0,종료지점1,16,0
31,27,종료지점,0,종료지점,0,종료지점2,14,0
31,27,종료지점,0,종료지점,0,종료지점3,12,0
31,27,종료지점,0,종료지점,0,종료지점4,10,0
31,27,종료지점,0,종료지점,0,종료지점5,8,0
32,28,시작지점,0,시작지점,0,종료지점6,20,0
33,29,벽,0,벽,0,벽,31,0
33,29,벽,0,벽,0,벽,30,0
33,29,벽,0,벽,0,벽,29,0
33,29,벽,0,벽,0,벽,28,0
33,29,벽,0,벽,0,벽,27,0
33,29,벽,0,벽,0,벽,26,0
33,29,벽,0,벽,0,벽,25,0
33,29,벽,0,벽,0,벽,24,0
33,29,벽,0,벽,0,벽,23,0
33,29,벽,0,벽,0,벽,22,0
33,29,벽,0,벽,0,벽,21,0
33,29,벽,0,벽,0,벽,31,1
33,29,벽,0,벽,0,벽,30,1
33,29,벽,0,벽,0,벽,29,1
33,29,벽,0,벽,0,벽,28,1
33,29,벽,0,벽,0,벽,27,1
33,29,벽,0,벽,0,벽,26,1
33,29,벽,0,벽,0,벽,25,1
33,29,벽,0,벽,0,벽,24,1
33,29,벽,0,벽,0,벽,23,1
33,29,벽,0,벽,0,벽,22,1
33,29,벽,0,벽,0,벽,21,1
33,29,벽,0,벽,0,벽,31,2
33,29,벽,0,벽,0,벽,30,2
33,29,벽,0,벽,0,벽,29,2
33,29,벽,0,벽,0,벽,28,2
33,29,벽,0,벽,0,벽,27,2
33,29,벽,0,벽,0,벽,26,2
33,29,벽,0,벽,0,벽,25,2
33,29,벽,0,벽,0,벽,24,2
33,29,벽,0,벽,0,벽,23,2
33,29,벽,0,벽,0,벽,22,2
33,29,벽,0,벽,0,벽,21,2
33,29,벽,0,벽,0,벽,31,3
33,29,벽,0,벽,0,벽,30,3
33,29,벽,0,벽,0,벽,29,3
33,29,벽,0,벽,0,벽,28,3
33,29,벽,0,벽,0,벽,27,3
33,29,벽,0,벽,0,벽,26,3
33,29,벽,0,벽,0,벽,25,3
33,29,벽,0,벽,0,벽,24,3
33,29,벽,0,벽,0,벽,23,3
33,29,벽,0,벽,0,벽,22,3
33,29,벽,0,벽,0,벽,31,4
33,29,벽,0,벽,0,벽,30,4
33,29,벽,0,벽,0,벽,29,4
33,29,벽,0,벽,0,벽,28,4
33,29,벽,0,벽,0,벽,27,4
33,29,벽,0,벽,0,벽,26,4
33,29,벽,0,벽,0,벽,25,4
33,29,벽,0,벽,0,벽,24,4
33,29,벽,0,벽,0,벽,23,4
33,29,벽,0,벽,0,벽,22,4
33,29,벽,0,벽,0,벽,31,5
33,29,벽,0,벽,0,벽,30,5
33,29,벽,0,벽,0,벽,29,5
33,29,벽,0,벽,0,벽,28,5
33,29,벽,0,벽,0,벽,27,5
33,29,벽,0,벽,0,벽,26,5
33,29,벽,0,벽,0,벽,25,5
33,29,벽,0,벽,0,벽,24,5
33,29,벽,0,벽,0,벽,23,5
33,29,벽,0,벽,0,벽,22,5
33,29,벽,0,벽,0,벽,31,6
33,29,벽,0,벽,0,벽,30,6
33,29,벽,0,벽,0,벽,29,6
33,29,벽,0,벽,0,벽,28,6
33,29,벽,0,벽,0,벽,27,6
33,29,벽,0,벽,0,벽,26,6
33,29,벽,0,벽,0,벽,25,6
33,29,벽,0,벽,0,벽,24,6
33,29,벽,0,벽,0,벽,23,6
33,29,벽,0,벽,0,벽,22,6
33,29,벽,0,벽,0,벽,31,7
33,29,벽,0,벽,0,벽,30,7
33,29,벽,0,벽,0,벽,29,7
33,29,벽,0,벽,0,벽,28,7
33,29,벽,0,벽,0,벽,27,7
33,29,벽,0,벽,0,벽,26,7
33,29,벽,0,벽,0,벽,25,7
33,29,벽,0,벽,0,벽,24,7
33,29,벽,0,벽,0,벽,23,7
33,29,벽,0,벽,0,벽,22,7
33,29,벽,0,벽,0,벽,31,8
33,29,벽,0,벽,0,벽,30,8
33,29,벽,0,벽,0,벽,29,8
33,29,벽,0,벽,0,벽,28,8
33,29,벽,0,벽,0,벽,27,8
33,29,벽,0,벽,0,벽,26,8
33,29,벽,0,벽,0,벽,25,8
33,29,벽,0,벽,0,벽,24,8
33,29,벽,0,벽,0,벽,23,8
33,29,벽,0,벽,0,벽,22,8
33,29,벽,0,벽,0,벽,31,9
33,29,벽,0,벽,0,벽,30,9
33,29,벽,0,벽,0,벽,29,9
33,29,벽,0,벽,0,벽,28,9
33,29,벽,0,벽,0,벽,27,9
33,29,벽,0,벽,0,벽,26,9
33,29,벽,0,벽,0,벽,25,9
33,29,벽,0,벽,0,벽,24,9
33,29,벽,0,벽,0,벽,23,9
33,29,벽,0,벽,0,벽,22,9
33,29,벽,0,벽,0,벽,31,10
33,29,벽,0,벽,0,벽,19,0
33,29,벽,0,벽,0,벽,18,0
33,29,벽,0,벽,0,벽,17,0
33,29,벽,0,벽,0,벽,15,0
33,29,벽,0,벽,0,벽,13,0
33,29,벽,0,벽,0,벽,11,0
33,29,벽,0,벽,0,벽,9,0
33,29,벽,0,벽,0,벽,7,0
33,29,벽,0,벽,0,벽,6,0
33,29,벽,0,벽,0,벽,5,0
33,29,벽,0,벽,0,벽,4,0
33,29,벽,0,벽,0,벽,3,0
33,29,벽,0,벽,0,벽,2,0
33,29,벽,0,벽,0,벽,1,0
33,29,벽,0,벽,0,벽,0,0
33,29,벽,0,벽,0,벽,6,1
33,29,벽,0,벽,0,벽,5,1
33,29,벽,0,벽,0,벽,4,1
33,29,벽,0,벽,0,벽,3,1
33,29,벽,0,벽,0,벽,2,1
33,29,벽,0,벽,0,벽,1,1
33,29,벽,0,벽,0,벽,0,1
33,29,벽,0,벽,0,벽,6,2
33,29,벽,0,벽,0,벽,5,2
33,29,벽,0,벽,0,벽,4,2
33,29,벽,0,벽,0,벽,3,2
33,29,벽,0,벽,0,벽,2,2
33,29,벽,0,벽,0,벽,1,2
33,29,벽,0,벽,0,벽,0,2
33,29,벽,0,벽,0,벽,2,3
33,29,벽,0,벽,0,벽,1,3
33,29,벽,0,벽,0,벽,0,3
33,29,벽,0,벽,0,벽,1,4
33,29,벽,0,벽,0,벽,0,4
33,29,벽,0,벽,0,벽,1,5
33,29,벽,0,벽,0,벽,0,5
33,29,벽,0,벽,0,벽,1,6
33,29,벽,0,벽,0,벽,0,6
33,29,벽,0,벽,0,벽,1,7
33,29,벽,0,벽,0,벽,0,7
33,29,벽,0,벽,0,벽,1,8
33,29,벽,0,벽,0,벽,0,8
33,29,벽,0,벽,0,벽,1,9
33,29,벽,0,벽,0,벽,0,9
33,29,벽,0,벽,0,벽,1,10
33,29,벽,0,벽,0,벽,0,10
33,29,벽,0,벽,0,벽,1,11
33,29,벽,0,벽,0,벽,0,11
33,29,벽,0,벽,0,벽,1,12
33,29,벽,0,벽,0,벽,0,12
33,29,벽,0,벽,0,벽,1,13
33,29,벽,0,벽,0,벽,0,13
33,29,벽,0,벽,0,벽,1,14
33,29,벽,0,벽,0,벽,0,14
33,29,벽,0,벽,0,벽,1,15
33,29,벽,0,벽,0,벽,0,15
33,29,벽,0,벽,0,벽,1,16
33,29,벽,0,벽,0,벽,0,16
33,29,벽,0,벽,0,벽,1,17
33,29,벽,0,벽,0,벽,0,17
33,29,벽,0,벽,0,벽,1,18
33,29,벽,0,벽,0,벽,0,18
33,29,벽,0,벽,0,벽,1,19
33,29,벽,0,벽,0,벽,0,19
33,29,벽,0,벽,0,벽,1,20
33,29,벽,0,벽,0,벽,0,20
33,29,벽,0,벽,0,벽,1,21
33,29,벽,0,벽,0,벽,0,21
33,29,벽,0,벽,0,벽,1,22
33,29,벽,0,벽,0,벽,0,22
33,29,벽,0,벽,0,벽,1,23
33,29,벽,0,벽,0,벽,0,23
33,29,벽,0,벽,0,벽,1,24
33,29,벽,0,벽,0,벽,0,24
33,29,벽,0,벽,0,벽,1,25
33,29,벽,0,벽,0,벽,0,25
33,29,벽,0,벽,0,벽,1,26
33,29,벽,0,벽,0,벽,0,26
33,29,벽,0,벽,0,벽,1,27
33,29,벽,0,벽,0,벽,0,27
33,29,벽,0,벽,0,벽,1,28
33,29,벽,0,벽,0,벽,0,28
33,29,벽,0,벽,0,벽,1,29
33,29,벽,0,벽,0,벽,0,29
33,29,벽,0,벽,0,벽,1,30
33,29,벽,0,벽,0,벽,0,30
33,29,벽,0,벽,0,벽,1,31
33,29,벽,0,벽,0,벽,0,31
33,29,벽,0,벽,0,벽,31,26
33,29,벽,0,벽,0,벽,30,26
33,29,벽,0,벽,0,벽,29,26
33,29,벽,0,벽,0,벽,28,26
33,29,벽,0,벽,0,벽,31,27
33,29,벽,0,벽,0,벽,30,27
33,29,벽,0,벽,0,벽,29,27
33,29,벽,0,벽,0,벽,28,27
33,29,벽,0,벽,0,벽,31,28
33,29,벽,0,벽,0,벽,30,28
33,29,벽,0,벽,0,벽,29,28
33,29,벽,0,벽,0,벽,28,28
33,29,벽,0,벽,0,벽,31,29
33,29,벽,0,벽,0,벽,30,29
33,29,벽,0,벽,0,벽,29,29
33,29,벽,0,벽,0,벽,28,29
33,29,벽,0,벽,0,벽,31,30
33,29,벽,0,벽,0,벽,30,30
33,29,벽,0,벽,0,벽,29,30
33,29,벽,0,벽,0,벽,28,30
33,29,벽,0,벽,0,벽,31,31
33,29,벽,0,벽,0,벽,30,31
33,29,벽,0,벽,0,벽,29,31
33,29,벽,0,벽,0,벽,28,31
33,29,벽,0,벽,0,벽,31,32
33,29,벽,0,벽,0,벽,30,32
33,29,벽,0,벽,0,벽,29,32
33,29,벽,0,벽,0,벽,28,32
33,29,벽,0,벽,0,벽,31,33
33,29,벽,0,벽,0,벽,30,33
33,29,벽,0,벽,0,벽,29,33
33,29,벽,0,벽,0,벽,28,33
33,29,벽,0,벽,0,벽,31,34
33,29,벽,0,벽,0,벽,30,34
33,29,벽,0,벽,0,벽,29,34
33,29,벽,0,벽,0,벽,28,34
33,29,벽,0,벽,0,벽,31,35
33,29,벽,0,벽,0,벽,30,35
33,29,벽,0,벽,0,벽,29,35
33,29,벽,0,벽,0,벽,28,35
33,29,벽,0,벽,0,벽,31,36
33,29,벽,0,벽,0,벽,30,36
33,29,벽,0,벽,0,벽,29,36
33,29,벽,0,벽,0,벽,28,36
33,29,벽,0,벽,0,벽,31,37
33,29,벽,0,벽,0,벽,30,37
33,29,벽,0,벽,0,벽,29,37
33,29,벽,0,벽,0,벽,28,37
33,29,벽,0,벽,0,벽,31,38
33,29,벽,0,벽,0,벽,30,38
33,29,벽,0,벽,0,벽,29,38
33,29,벽,0,벽,0,벽,28,38
33,29,벽,0,벽,0,벽,31,39
33,29,벽,0,벽,0,벽,30,39
33,29,벽,0,벽,0,벽,29,39
33,29,벽,0,벽,0,벽,28,39
33,29,벽,0,벽,0,벽,31,40
33,29,벽,0,벽,0,벽,30,40
33,29,벽,0,벽,0,벽,29,40
33,29,벽,0,벽,0,벽,28,40
33,29,벽,0,벽,0,벽,31,41
33,29,벽,0,벽,0,벽,30,41
33,29,벽,0,벽,0,벽,29,41
33,29,벽,0,벽,0,벽,28,41
33,29,벽,0,벽,0,벽,31,42
33,29,벽,0,벽,0,벽,30,42
33,29,벽,0,벽,0,벽,29,42
33,29,벽,0,벽,0,벽,28,42
33,29,벽,0,벽,0,벽,31,43
33,29,벽,0,벽,0,벽,30,43
33,29,벽,0,벽,0,벽,29,43
33,29,벽,0,벽,0,벽,28,43
33,29,벽,0,벽,0,벽,31,44
33,29,벽,0,벽,0,벽,30,44
33,29,벽,0,벽,0,벽,29,44
33,29,벽,0,벽,0,벽,28,44
33,29,벽,0,벽,0,벽,31,45
33,29,벽,0,벽,0,벽,30,45
33,29,벽,0,벽,0,벽,29,45
33,29,벽,0,벽,0,벽,28,45
33,29,벽,0,벽,0,벽,27,45
33,29,벽,0,벽,0,벽,31,46
33,29,벽,0,벽,0,벽,30,46
33,29,벽,0,벽,0,벽,29,46
33,29,벽,0,벽,0,벽,28,46
33,29,벽,0,벽,0,벽,27,46
33,29,벽,0,벽,0,벽,26,46
33,29,벽,0,벽,0,벽,25,46
33,29,벽,0,벽,0,벽,24,46
33,29,벽,0,벽,0,벽,23,46
33,29,벽,0,벽,0,벽,22,46
33,29,벽,0,벽,0,벽,21,46
33,29,벽,0,벽,0,벽,20,46
33,29,벽,0,벽,0,벽,19,46
33,29,벽,0,벽,0,벽,18,46
33,29,벽,0,벽,0,벽,17,46
33,29,벽,0,벽,0,벽,16,46
33,29,벽,0,벽,0,벽,15,46
33,29,벽,0,벽,0,벽,14,46
33,29,벽,0,벽,0,벽,13,46
33,29,벽,0,벽,0,벽,31,47
33,29,벽,0,벽,0,벽,30,47
33,29,벽,0,벽,0,벽,29,47
33,29,벽,0,벽,0,벽,28,47
33,29,벽,0,벽,0,벽,27,47
33,29,벽,0,벽,0,벽,26,47
33,29,벽,0,벽,0,벽,25,47
33,29,벽,0,벽,0,벽,24,47
33,29,벽,0,벽,0,벽,23,47
33,29,벽,0,벽,0,벽,22,47
33,29,벽,0,벽,0,벽,21,47
33,29,벽,0,벽,0,벽,20,47
33,29,벽,0,벽,0,벽,19,47
33,29,벽,0,벽,0,벽,18,47
33,29,벽,0,벽,0,벽,17,47
33,29,벽,0,벽,0,벽,16,47
33,29,벽,0,벽,0,벽,15,47
33,29,벽,0,벽,0,벽,14,47
33,29,벽,0,벽,0,벽,13,47
33,29,벽,0,벽,0,벽,31,48
33,29,벽,0,벽,0,벽,30,48
33,29,벽,0,벽,0,벽,29,48
33,29,벽,0,벽,0,벽,28,48
33,29,벽,0,벽,0,벽,27,48
33,29,벽,0,벽,0,벽,26,48
33,29,벽,0,벽,0,벽,25,48
33,29,벽,0,벽,0,벽,24,48
33,29,벽,0,벽,0,벽,23,48
33,29,벽,0,벽,0,벽,22,48
33,29,벽,0,벽,0,벽,21,48
33,29,벽,0,벽,0,벽,20,48
33,29,벽,0,벽,0,벽,19,48
33,29,벽,0,벽,0,벽,18,48
33,29,벽,0,벽,0,벽,17,48
33,29,벽,0,벽,0,벽,16,48
33,29,벽,0,벽,0,벽,15,48
33,29,벽,0,벽,0,벽,14,48
33,29,벽,0,벽,0,벽,13,48
33,29,벽,0,벽,0,벽,31,49
33,29,벽,0,벽,0,벽,30,49
33,29,벽,0,벽,0,벽,29,49
33,29,벽,0,벽,0,벽,28,49
33,29,벽,0,벽,0,벽,27,49
33,29,벽,0,벽,0,벽,26,49
33,29,벽,0,벽,0,벽,25,49
33,29,벽,0,벽,0,벽,24,49
33,29,벽,0,벽,0,벽,23,49
33,29,벽,0,벽,0,벽,22,49
33,29,벽,0,벽,0,벽,21,49
33,29,벽,0,벽,0,벽,20,49
33,29,벽,0,벽,0,벽,19,49
33,29,벽,0,벽,0,벽,18,49
33,29,벽,0,벽,0,벽,17,49
33,29,벽,0,벽,0,벽,16,49
33,29,벽,0,벽,0,벽,15,49
33,29,벽,0,벽,0,벽,14,49
33,29,벽,0,벽,0,벽,13,49
33,29,벽,0,벽,0,벽,31,50
33,29,벽,0,벽,0,벽,30,50
33,29,벽,0,벽,0,벽,29,50
33,29,벽,0,벽,0,벽,28,50
33,29,벽,0,벽,0,벽,27,50
33,29,벽,0,벽,0,벽,26,50
33,29,벽,0,벽,0,벽,25,50
33,29,벽,0,벽,0,벽,24,50
33,29,벽,0,벽,0,벽,23,50
33,29,벽,0,벽,0,벽,22,50
33,29,벽,0,벽,0,벽,21,50
33,29,벽,0,벽,0,벽,20,50
33,29,벽,0,벽,0,벽,19,50
33,29,벽,0,벽,0,벽,18,50
33,29,벽,0,벽,0,벽,17,50
33,29,벽,0,벽,0,벽,16,50
33,29,벽,0,벽,0,벽,15,50
33,29,벽,0,벽,0,벽,14,50
33,29,벽,0,벽,0,벽,13,50
33,29,벽,0,벽,0,벽,31,51
33,29,벽,0,벽,0,벽,30,51
33,29,벽,0,벽,0,벽,29,51
33,29,벽,0,벽,0,벽,28,51
33,29,벽,0,벽,0,벽,27,51
33,29,벽,0,벽,0,벽,26,51
33,29,벽,0,벽,0,벽,25,51
33,29,벽,0,벽,0,벽,24,51
33,29,벽,0,벽,0,벽,23,51
33,29,벽,0,벽,0,벽,22,51
33,29,벽,0,벽,0,벽,21,51
33,29,벽,0,벽,0,벽,20,51
33,29,벽,0,벽,0,벽,19,51
33,29,벽,0,벽,0,벽,18,51
33,29,벽,0,벽,0,벽,17,51
33,29,벽,0,벽,0,벽,16,51
33,29,벽,0,벽,0,벽,15,51
33,29,벽,0,벽,0,벽,14,51
33,29,벽,0,벽,0,벽,13,51
33,29,벽,0,벽,0,벽,31,52
33,29,벽,0,벽,0,벽,30,52
33,29,벽,0,벽,0,벽,29,52
33,29,벽,0,벽,0,벽,28,52
33,29,벽,0,벽,0,벽,27,52
33,29,벽,0,벽,0,벽,26,52
33,29,벽,0,벽,0,벽,25,52
33,29,벽,0,벽,0,벽,24,52
33,29,벽,0,벽,0,벽,23,52
33,29,벽,0,벽,0,벽,22,52
33,29,벽,0,벽,0,벽,21,52
33,29,벽,0,벽,0,벽,20,52
33,29,벽,0,벽,0,벽,19,52
33,29,벽,0,벽,0,벽,18,52
33,29,벽,0,벽,0,벽,17,52
33,29,벽,0,벽,0,벽,16,52
33,29,벽,0,벽,0,벽,15,52
33,29,벽,0,벽,0,벽,14,52
33,29,벽,0,벽,0,벽,13,52
33,29,벽,0,벽,0,벽,31,53
33,29,벽,0,벽,0,벽,30,53
33,29,벽,0,벽,0,벽,29,53
33,29,벽,0,벽,0,벽,28,53
33,29,벽,0,벽,0,벽,27,53
33,29,벽,0,벽,0,벽,26,53
33,29,벽,0,벽,0,벽,25,53
33,29,벽,0,벽,0,벽,24,53
33,29,벽,0,벽,0,벽,23,53
33,29,벽,0,벽,0,벽,22,53
33,29,벽,0,벽,0,벽,21,53
33,29,벽,0,벽,0,벽,20,53
33,29,벽,0,벽,0,벽,19,53
33,29,벽,0,벽,0,벽,18,53
33,29,벽,0,벽,0,벽,17,53
33,29,벽,0,벽,0,벽,16,53
33,29,벽,0,벽,0,벽,15,53
33,29,벽,0,벽,0,벽,14,53
33,29,벽,0,벽,0,벽,13,53
33,29,벽,0,벽,0,벽,12,53
33,29,벽,0,벽,0,벽,19,43
33,29,벽,0,벽,0,벽,18,43
33,29,벽,0,벽,0,벽,17,43
33,29,벽,0,벽,0,벽,16,43
33,29,벽,0,벽,0,벽,15,43
33,29,벽,0,벽,0,벽,11,43
33,29,벽,0,벽,0,벽,10,43
33,29,벽,0,벽,0,벽,9,43
33,29,벽,0,벽,0,벽,0,53
33,29,벽,0,벽,0,벽,31,25
3,2,x,0,x,0,x,29,12
3,2,x,0,x,0,x,29,13
3,2,x,0,x,0,x,29,14
3,2,x,0,x,0,x,28,13
3,2,x,0,x,0,x,28,14
3,2,x,0,x,0,x,27,13
3,2,x,0,x,0,x,26,13
3,2,x,0,x,0,x,25,16
3,2,x,0,x,0,x,26,17
3,2,x,0,x,0,x,26,18
3,2,x,0,x,0,x,27,17
3,2,x,0,x,0,x,27,18
3,2,x,0,x,0,x,28,17
3,2,x,0,x,0,x,28,18
3,2,x,0,x,0,x,27,21
3,2,x,0,x,0,x,27,22
3,2,x,0,x,0,x,26,22
3,2,x,0,x,0,x,28,22
7,9,x,0,x,0,x,23,25
8,9,x,0,x,0,x,25,26
8,9,x,0,x,0,x,24,26
8,9,x,0,x,0,x,23,26
8,9,x,0,x,0,x,23,27
9,3,x,0,x,0,x,27,43
10,3,x,0,x,0,x,24,30
10,3,x,0,x,0,x,23,30
10,3,x,0,x,0,x,22,30
10,3,x,0,x,0,x,21,30
10,3,x,0,x,0,x,25,33
10,3,x,0,x,0,x,25,35
10,3,x,0,x,0,x,24,35
10,3,x,0,x,0,x,24,34
10,3,x,0,x,0,x,23,34
10,3,x,0,x,0,x,22,34
10,3,x,0,x,0,x,21,34
10,3,x,0,x,0,x,21,35
10,3,x,0,x,0,x,25,39
10,3,x,0,x,0,x,24,39
10,3,x,0,x,0,x,23,39
10,3,x,0,x,0,x,22,39
10,3,x,0,x,0,x,21,39
10,3,x,0,x,0,x,25,38
10,3,x,0,x,0,x,24,38
10,3,x,0,x,0,x,23,38
10,3,x,0,x,0,x,22,38
10,3,x,0,x,0,x,21,38
10,3,x,0,x,0,x,25,41
10,3,x,0,x,0,x,24,41
10,3,x,0,x,0,x,23,41
10,3,x,0,x,0,x,22,41
10,3,x,0,x,0,x,21,41
10,3,x,0,x,0,x,25,42
10,3,x,0,x,0,x,24,42
10,3,x,0,x,0,x,23,42
10,3,x,0,x,0,x,22,42
10,3,x,0,x,0,x,21,42
10,3,x,0,x,0,x,25,43
10,3,x,0,x,0,x,22,43
10,3,x,0,x,0,x,21,43
12,17,x,0,x,0,x,10,45
12,17,x,0,x,0,x,10,46
12,17,x,0,x,0,x,10,47
12,17,x,0,x,0,x,10,48
12,17,x,0,x,0,x,9,46
12,17,x,0,x,0,x,9,47
12,17,x,0,x,0,x,8,46
12,17,x,0,x,0,x,8,47
12,17,x,0,x,0,x,8,48
12,17,x,0,x,0,x,7,46
12,17,x,0,x,0,x,7,47
12,17,x,0,x,0,x,6,46
12,17,x,0,x,0,x,6,47
12,17,x,0,x,0,x,6,48
12,17,x,0,x,0,x,5,46
12,17,x,0,x,0,x,5,47
12,17,x,0,x,0,x,4,46
12,17,x,0,x,0,x,4,47
12,17,x,0,x,0,x,4,48
12,17,x,0,x,0,x,3,46
12,17,x,0,x,0,x,3,47
12,17,x,0,x,0,x,2,46
12,17,x,0,x,0,x,2,47
12,17,x,0,x,0,x,2,48
13,25,x,0,x,0,x,11,50
13,25,x,0,x,0,x,2,50
13,25,x,0,x,0,x,2,51
13,25,x,0,x,0,x,9,51
13,25,x,0,x,0,x,4,51
14,25,x,0,x,0,x,9,53
14,25,x,0,x,0,x,6,53
16,9,x,0,x,0,x,0,33
16,9,x,0,x,0,x,0,35
16,9,x,0,x,0,x,0,37
16,9,x,0,x,0,x,0,39
16,9,x,0,x,0,x,0,41
16,9,x,0,x,0,x,0,43
18,12,x,0,x,0,x,7,36
18,12,x,0,x,0,x,7,38
18,12,x,0,x,0,x,7,39
18,12,x,0,x,0,x,6,36
18,12,x,0,x,0,x,6,37
18,12,x,0,x,0,x,6,38
18,12,x,0,x,0,x,6,39
18,12,x,0,x,0,x,5,36
18,12,x,0,x,0,x,5,37
18,12,x,0,x,0,x,5,38
18,12,x,0,x,0,x,5,39
18,12,x,0,x,0,x,4,37
18,12,x,0,x,0,x,4,38
18,12,x,0,x,0,x,3,36
18,12,x,0,x,0,x,3,37
18,12,x,0,x,0,x,3,38
18,12,x,0,x,0,x,3,39
18,12,x,0,x,0,x,2,39
18,12,x,0,x,0,x,2,36
19,15,x,0,x,0,x,7,41
19,15,x,0,x,0,x,7,43
19,15,x,0,x,0,x,6,42
19,15,x,0,x,0,x,5,42
19,15,x,0,x,0,x,5,41
19,15,x,0,x,0,x,4,42
19,15,x,0,x,0,x,3,42
19,15,x,0,x,0,x,3,41
20,10,x,0,x,0,x,2,7
20,10,x,0,x,0,x,2,9
20,10,x,0,x,0,x,2,11
20,10,x,0,x,0,x,2,13
20,10,x,0,x,0,x,2,15
20,10,x,0,x,0,x,2,17
20,10,x,0,x,0,x,2,19
20,10,x,0,x,0,x,2,21
20,10,x,0,x,0,x,2,23
20,10,x,0,x,0,x,2,30
22,10,x,0,x,0,x,7,6
22,10,x,0,x,0,x,7,8
22,10,x,0,x,0,x,7,10
22,10,x,0,x,0,x,7,11
22,10,x,0,x,0,x,7,13
22,10,x,0,x,0,x,6,5
22,10,x,0,x,0,x,6,6
22,10,x,0,x,0,x,6,7
22,10,x,0,x,0,x,6,8
22,10,x,0,x,0,x,6,9
22,10,x,0,x,0,x,6,10
22,10,x,0,x,0,x,6,11
22,10,x,0,x,0,x,6,12
22,10,x,0,x,0,x,6,13
22,10,x,0,x,0,x,5,5
22,10,x,0,x,0,x,5,6
22,10,x,0,x,0,x,5,7
22,10,x,0,x,0,x,5,8
22,10,x,0,x,0,x,5,9
22,10,x,0,x,0,x,5,10
22,10,x,0,x,0,x,5,11
22,10,x,0,x,0,x,5,12
22,10,x,0,x,0,x,5,13
22,10,x,0,x,0,x,4,5
22,10,x,0,x,0,x,4,7
22,10,x,0,x,0,x,4,9
22,10,x,0,x,0,x,4,10
22,10,x,0,x,0,x,4,11
22,10,x,0,x,0,x,4,13
23,10,x,0,x,0,x,6,15
23,10,x,0,x,0,x,6,16
23,10,x,0,x,0,x,6,17
23,10,x,0,x,0,x,6,18
23,10,x,0,x,0,x,6,19
23,10,x,0,x,0,x,6,20
23,10,x,0,x,0,x,6,21
23,10,x,0,x,0,x,6,22
23,10,x,0,x,0,x,6,23
23,10,x,0,x,0,x,6,24
23,10,x,0,x,0,x,6,25
23,10,x,0,x,0,x,6,26
23,10,x,0,x,0,x,6,27
23,8,x,0,x,0,x,7,15
23,8,x,0,x,0,x,7,16
23,8,x,0,x,0,x,7,17
23,8,x,0,x,0,x,7,18
23,8,x,0,x,0,x,7,19
23,8,x,0,x,0,x,7,20
23,8,x,0,x,0,x,7,21
23,8,x,0,x,0,x,7,22
23,8,x,0,x,0,x,7,23
23,8,x,0,x,0,x,7,24
23,8,x,0,x,0,x,7,25
23,8,x,0,x,0,x,7,26
23,8,x,0,x,0,x,7,27
23,8,x,0,x,0,x,4,15
24,25,x,0,x,0,x,11,6
24,25,x,0,x,0,x,11,9
24,25,x,0,x,0,x,11,10
24,25,x,0,x,0,x,10,5
24,25,x,0,x,0,x,10,6
24,25,x,0,x,0,x,10,7
24,25,x,0,x,0,x,10,8
24,25,x,0,x,0,x,10,9
24,25,x,0,x,0,x,10,10
24,2,x,0,x,0,x,9,9
24,2,x,0,x,0,x,9,10
24,14,x,0,x,0,x,10,11
24,14,x,0,x,0,x,10,12
25,10,x,0,x,0,x,15,5
25,10,x,0,x,0,x,15,6
25,10,x,0,x,0,x,15,8
25,10,x,0,x,0,x,15,10
25,10,x,0,x,0,x,15,12
25,10,x,0,x,0,x,15,13
25,10,x,0,x,0,x,14,5
25,10,x,0,x,0,x,14,6
25,10,x,0,x,0,x,14,7
25,10,x,0,x,0,x,14,8
25,10,x,0,x,0,x,14,9
25,10,x,0,x,0,x,14,10
25,10,x,0,x,0,x,14,11
25,10,x,0,x,0,x,14,12
25,10,x,0,x,0,x,13,5
25,10,x,0,x,0,x,13,6
25,10,x,0,x,0,x,13,12
1,1,x,0,x,0,x,18,5
1,1,x,0,x,0,x,18,6
1,1,x,0,x,0,x,18,7
1,1,x,0,x,0,x,18,8
1,1,x,0,x,0,x,18,9
1,1,x,0,x,0,x,18,10
1,1,x,0,x,0,x,18,11
1,1,x,0,x,0,x,18,12
1,1,x,0,x,0,x,17,6
1,1,x,0,x,0,x,17,8
1,1,x,0,x,0,x,17,10
1,1,x,0,x,0,x,17,13
26,7,x,0,x,0,x,22,15
26,7,x,0,x,0,x,22,16
26,7,x,0,x,0,x,22,17
26,7,x,0,x,0,x,22,18
26,7,x,0,x,0,x,22,19
26,7,x,0,x,0,x,22,20
26,7,x,0,x,0,x,22,21
27,7,x,0,x,0,x,21,27
27,7,x,0,x,0,x,22,22
27,7,x,0,x,0,x,22,23
27,7,x,0,x,0,x,22,24
27,7,x,0,x,0,x,22,25
27,7,x,0,x,0,x,22,26
27,7,x,0,x,0,x,22,27
28,18,x,0,x,0,x,18,22
28,18,x,0,x,0,x,18,27
28,19,x,0,x,0,x,16,22
28,19,x,0,x,0,x,16,23
28,19,x,0,x,0,x,16,24
28,19,x,0,x,0,x,16,26
28,19,x,0,x,0,x,13,15
28,19,x,0,x,0,x,13,16
28,19,x,0,x,0,x,13,17
28,19,x,0,x,0,x,13,18
28,19,x,0,x,0,x,13,20
28,19,x,0,x,0,x,13,22
28,19,x,0,x,0,x,13,24
28,19,x,0,x,0,x,13,26
28,20,x,0,x,0,x,12,20
28,20,x,0,x,0,x,12,22
28,20,x,0,x,0,x,12,24
28,20,x,0,x,0,x,12,26
28,20,x,0,x,0,x,12,27
28,14,x,0,x,0,x,10,15
28,14,x,0,x,0,x,10,16
28,14,x,0,x,0,x,10,18
28,14,x,0,x,0,x,10,20
28,14,x,0,x,0,x,10,22
28,14,x,0,x,0,x,10,24
28,14,x,0,x,0,x,10,26
28,14,x,0,x,0,x,10,27
29,17,x,0,x,0,x,19,29
29,17,x,0,x,0,x,19,41
29,17,x,0,x,0,x,18,41
29,17,x,0,x,0,x,18,36
29,17,x,0,x,0,x,18,29
29,18,x,0,x,0,x,16,41
29,18,x,0,x,0,x,16,29
29,24,x,0,x,0,x,15,29
29,24,x,0,x,0,x,15,30
29,24,x,0,x,0,x,15,32
29,24,x,0,x,0,x,15,36
29,24,x,0,x,0,x,15,41
29,24,x,0,x,0,x,13,29
29,24,x,0,x,0,x,13,31
29,24,x,0,x,0,x,13,32
29,24,x,0,x,0,x,13,34
29,24,x,0,x,0,x,13,35
29,24,x,0,x,0,x,13,36
29,24,x,0,x,0,x,13,37
29,24,x,0,x,0,x,13,38
29,24,x,0,x,0,x,13,40
29,24,x,0,x,0,x,13,41
29,24,x,0,x,0,x,12,29
29,24,x,0,x,0,x,12,35
29,24,x,0,x,0,x,12,40
29,24,x,0,x,0,x,10,29
29,13,x,0,x,0,x,9,29
29,13,x,0,x,0,x,9,34
20,10,x,0,x,0,x,2,5
14,25,x,0,x,0,x,7,53
13,25,x,0,x,0,x,10,51
